SEP=;
Date;Description;Expected Quantity;U.M.;
2/1/2026;ALL NATURAL FRAMBOESA;5.016;kg;
2/1/2026;Base Chocolate Nivà;3.482;kg;
2/1/2026;VANIGLIA AGRIMONTANA;3.107;kg;
2/1/2026;CAFFE ILLY;3.079;kg;
2/1/2026;CREMINO;3.035;kg;
2/1/2026;GANACHE FONDENTE;3.018;kg;
2/1/2026;ALL NATURAL ACAI SORBETTO;2.548;kg;
2/1/2026;RICOTTA E FICHI;2.536;kg;
2/1/2026;NOZES RICOTA E MEL;2.533;kg;
2/1/2026;ALL NATURAL MANGO;2.060;kg;
2/1/2026;ALL NATURAL PASSION FRUIT;1.946;kg;
2/3/2026;PISTACCHIO;6.519;kg;
2/3/2026;YOGURT;3.095;kg;
2/3/2026;PANNA MONTATA;0.533;kg;
2/4/2026;GANACHE FONDENTE;3.154;kg;
2/4/2026;STRACCIATELLA;2.517;kg;
2/4/2026;RICOTTA E FICHI;2.512;kg;
2/4/2026;CHEESECAKE 2024;2.457;kg;
2/5/2026;Base Chocolate Nivà;5.557;kg;
2/5/2026;CARAMELLO SALATO NEW;2.565;kg;
2/5/2026;GANACHE FONDENTE;2.533;kg;
2/5/2026;CREMINO;2.510;kg;
2/5/2026;PANNA MONTATA;0.575;kg;
