Date;Description;Expected Quantity;U.M.
01/02/2026;PISTACCHIO;13.109;kg
01/02/2026;CARAMELLO DULCE DE LECHE FRANCISCO;7.725;kg
01/02/2026;VANIGLIA AGRIMONTANA;7.557;kg
01/02/2026;CARAMELLO SALATO NEW;7.515;kg
01/02/2026;Base Chocolate Nivà;5.419;kg
01/02/2026;CREMINO;4.606;kg
01/02/2026;ALL NATURAL CHOCOLATE SORBETTO;4.552;kg
01/02/2026;YOGURT;4.475;kg
01/02/2026;GANACHE FONDENTE;4.248;kg
01/02/2026;ALL NATURAL FRAMBOESA;4.158;kg
01/02/2026;STRACCIATELLA;4.076;kg
01/02/2026;CAFFE ILLY;4.048;kg
01/02/2026;NOZES RICOTA E MEL;4.023;kg
01/02/2026;RICOTTA E FICHI;4.009;kg
01/02/2026;ALL NATURAL MANGO;3.914;kg
01/02/2026;ALL NATURAL PASSION FRUIT;3.903;kg
01/02/2026;CHOCOLATE COM LARANJA;3.876;kg
01/02/2026;CREMA MELA CARAMELLATA;3.866;kg
01/02/2026;ALL NATURAL ACAI SORBETTO;2.008;kg
01/03/2026;PISTACCHIO;13.163;kg
01/03/2026;Base Chocolate Nivà;10.120;kg
01/03/2026;GANACHE FONDENTE;9.369;kg
01/03/2026;COCCO LATTE LIOFILIZZATO NEW;8.180;kg
01/03/2026;CARAMELLO SALATO NEW;8.161;kg
01/03/2026;STRACCIATELLA;8.143;kg
01/03/2026;ALL NATURAL MANGO;8.104;kg
01/03/2026;ALL NATURAL PASSION FRUIT;7.868;kg
01/03/2026;ALL NATURAL FRAMBOESA;7.639;kg
01/03/2026;CREMA;6.546;kg
01/03/2026;PISTACCHIO VEGAN;6.150;kg
01/03/2026;ALL NATURAL CHOCOLATE SORBETTO;4.549;kg
01/03/2026;CARAMELLO DULCE DE LECHE FRANCISCO;4.380;kg
01/03/2026;CHOCOLATE COM LARANJA;4.248;kg
01/03/2026;CREMINO;4.195;kg
01/03/2026;YOGURT;4.039;kg
01/03/2026;CREMA MELA CARAMELLATA;3.675;kg
01/03/2026;CHEESECAKE 2024;3.586;kg
01/04/2026;Base Chocolate Nivà;7.013;kg
01/04/2026;EUSKALDUNA;6.277;kg
01/04/2026;GANACHE FONDENTE;6.149;kg
01/04/2026;VANIGLIA AGRIMONTANA;5.953;kg
01/04/2026;PISTACCHIO;4.545;kg
01/04/2026;ALL NATURAL PASSION FRUIT;3.901;kg
01/04/2026;CARAMELLO DULCE DE LECHE FRANCISCO;3.849;kg
01/04/2026;ALL NATURAL CHOCOLATE SORBETTO;3.570;kg
01/04/2026;CREMA DI NATALE;3.109;kg
01/04/2026;CARAMELLO SALATO NEW;3.091;kg
01/04/2026;ALL NATURAL FRAMBOESA;3.031;kg
01/04/2026;ALL NATURAL ACAI SORBETTO;2.996;kg
01/04/2026;COCCO LATTE LIOFILIZZATO NEW;0.092;kg
01/05/2026;PISTACCHIO;13.076;kg
01/05/2026;FIORDILATTE;5.552;kg
01/05/2026;CREMINO;4.106;kg
01/05/2026;STRACCIATELLA;4.047;kg
01/05/2026;COCCO LATTE LIOFILIZZATO NEW;3.606;kg
01/06/2026;Base Chocolate Nivà;4.053;kg
01/07/2026;CAFFE ILLY;6.149;kg
01/07/2026;CREMINO;3.088;kg
01/07/2026;NOZES RICOTA E MEL;2.607;kg
01/07/2026;RICOTTA E FICHI;2.553;kg
01/07/2026;ALL NATURAL MANGO;1.058;kg
01/08/2026;GANACHE FONDENTE;5.106;kg
01/08/2026;CREMA MELA CARAMELLATA;3.491;kg
01/09/2026;CREMINO;3.585;kg
01/09/2026;STRACCIATELLA;3.536;kg
01/09/2026;COCCO LATTE LIOFILIZZATO NEW;3.113;kg
01/09/2026;CARAMELLO DULCE DE LECHE FRANCISCO;3.053;kg
01/09/2026;VANIGLIA AGRIMONTANA;3.022;kg
01/09/2026;CHOCOLATE COM LARANJA;2.826;kg
01/09/2026;YOGURT;2.597;kg
01/09/2026;Base Chocolate Nivà;1.662;kg
01/10/2026;ALL NATURAL CHOCOLATE SORBETTO;11.045;kg
01/10/2026;PISTACCHIO;10.059;kg
01/10/2026;Base Chocolate Nivà;10.026;kg
01/10/2026;GANACHE FONDENTE;9.982;kg
01/10/2026;ALL NATURAL MANGO;8.261;kg
01/10/2026;CREMINO;8.031;kg
01/10/2026;ALL NATURAL PASSION FRUIT;7.766;kg
01/10/2026;CREMA MELA CARAMELLATA;5.869;kg
01/10/2026;ALL NATURAL ACAI SORBETTO;4.536;kg
01/10/2026;CARAMELLO SALATO NEW;4.092;kg
01/10/2026;COCCO LATTE LIOFILIZZATO NEW;4.069;kg
01/10/2026;ALL NATURAL FRAMBOESA;4.066;kg
01/10/2026;VANIGLIA AGRIMONTANA;4.026;kg
01/10/2026;CARAMELLO DULCE DE LECHE FRANCISCO;3.851;kg
01/10/2026;YOGURT;3.528;kg
01/10/2026;CHEESECAKE 2024;3.464;kg
01/10/2026;ALL NATURAL BERGAMOTTO;3.133;kg
01/11/2026;NOZES RICOTA E MEL;5.060;kg
01/11/2026;RICOTTA E FICHI;5.030;kg
01/11/2026;PANNA MONTATA;0.298;kg
01/12/2026;PISTACCHIO VEGAN;4.561;kg
01/12/2026;ARACHIDE TORINO;3.868;kg
01/12/2026;STRACCIATELLA;3.079;kg
01/12/2026;CARAMELLO DULCE DE LECHE FRANCISCO;2.972;kg
01/12/2026;ALL NATURAL PASSION FRUIT;2.905;kg
01/12/2026;CHOCOLATE COM LARANJA;2.858;kg
01/12/2026;NOCCIOLA;2.206;kg
1/13/2026;CAFFE ILLY;3.024;kg
1/13/2026;CARAMELLO SALATO NEW;2.530;kg
1/14/2026;Base Chocolate Nivà;4.493;kg
1/14/2026;PISTACCHIO;4.213;kg
1/14/2026;STRACCIATELLA;3.462;kg
1/14/2026;CAFFE ILLY;2.549;kg
1/14/2026;PANNA MONTATA;0.319;kg
1/15/2026;CARAMELLO DULCE DE LECHE FRANCISCO;4.029;kg
1/15/2026;CARAMELLO SALATO NEW;3.552;kg
1/15/2026;GANACHE FONDENTE;3.529;kg
1/16/2026;PISTACCHIO;8.028;kg
1/16/2026;CREMINO;7.072;kg
1/16/2026;GANACHE FONDENTE;6.007;kg
1/16/2026;Base Chocolate Nivà;4.086;kg
1/16/2026;COCCO LATTE LIOFILIZZATO NEW;3.549;kg
1/16/2026;YOGURT;1.963;kg
1/16/2026;VANIGLIA AGRIMONTANA;1.210;kg
1/16/2026;PANNA MONTATA;0.317;kg
1/17/2026;PISTACCHIO;7.541;kg
1/17/2026;ALL NATURAL MANGO;6.552;kg
1/17/2026;PISTACCHIO VEGAN;3.222;kg
1/17/2026;CREMINO;3.058;kg
1/17/2026;STRACCIATELLA;3.024;kg
1/17/2026;VANIGLIA AGRIMONTANA;3.012;kg
1/17/2026;ALL NATURAL PASSION FRUIT;2.935;kg
1/17/2026;CREMA MELA CARAMELLATA;2.089;kg
1/17/2026;CHOCOLATE COM LARANJA;1.538;kg
1/17/2026;ALL NATURAL FRAMBOESA;1.512;kg
1/18/2026;YOGURT;6.137;kg
1/18/2026;COCCO LATTE LIOFILIZZATO NEW;3.780;kg
1/18/2026;ALL NATURAL CHOCOLATE SORBETTO;3.036;kg
1/18/2026;RICOTTA E FICHI;3.035;kg
1/18/2026;ALL NATURAL FRAMBOESA;3.014;kg
1/18/2026;GANACHE FONDENTE;3.006;kg
1/18/2026;STRACCIATELLA;2.961;kg
1/18/2026;ALL NATURAL PASSION FRUIT;2.925;kg
1/18/2026;CARAMELLO DULCE DE LECHE FRANCISCO;2.850;kg
1/18/2026;CHEESECAKE 2024;2.594;kg
1/18/2026;Base Chocolate Nivà;2.094;kg
1/18/2026;CARAMELLO SALATO NEW;2.038;kg
1/19/2026;CREMA MELA CARAMELLATA;5.956;kg
1/19/2026;STRACCIATELLA;4.020;kg
1/19/2026;CARAMELLO DULCE DE LECHE FRANCISCO;3.810;kg
1/19/2026;RICOTTA E FICHI;3.549;kg
1/19/2026;ALL NATURAL PASSION FRUIT;3.413;kg
1/19/2026;CARAMELLO SALATO NEW;3.053;kg
1/19/2026;ALL NATURAL ACAI SORBETTO;3.030;kg
1/19/2026;ALL NATURAL FRAMBOESA;2.992;kg
1/19/2026;PANNA MONTATA;0.301;kg
1/20/2026;Base Chocolate Nivà;5.219;kg
1/20/2026;GANACHE FONDENTE;3.547;kg
1/20/2026;ALL NATURAL CHOCOLATE SORBETTO;3.527;kg
1/20/2026;ALL NATURAL MANGO;3.090;kg
1/21/2026;STRACCIATELLA;3.026;kg
1/23/2026;CARAMELLO SALATO NEW;6.036;kg
1/23/2026;PISTACCHIO VEGAN;5.005;kg
1/23/2026;PISTACCHIO;3.956;kg
1/23/2026;GANACHE FONDENTE;3.768;kg
1/23/2026;Base Chocolate Nivà;3.017;kg
1/23/2026;CREMINO;3.017;kg
1/23/2026;CHEESECAKE 2024;2.631;kg
1/23/2026;YOGURT;2.587;kg
1/23/2026;ALL NATURAL FRAMBOESA;2.524;kg
1/23/2026;PANNA MONTATA;0.299;kg
1/24/2026;PISTACCHIO;13.017;kg
1/24/2026;Base Chocolate Nivà;10.074;kg
1/24/2026;STRACCIATELLA;8.269;kg
1/24/2026;ALL NATURAL PASSION FRUIT;7.185;kg
1/24/2026;GANACHE BUNET;5.576;kg
1/24/2026;GIANDUJA MARCHISIO MODIFICATA PER VARIEGATURA;5.066;kg
1/24/2026;CARAMELLO DULCE DE LECHE FRANCISCO;4.065;kg
1/24/2026;CREMINO;3.906;kg
1/24/2026;COCCO LATTE LIOFILIZZATO NEW;3.591;kg
1/24/2026;CAFFE ILLY;3.580;kg
1/24/2026;ARACHIDE TORINO;3.578;kg
1/24/2026;VANIGLIA AGRIMONTANA;3.517;kg
1/24/2026;GANACHE FONDENTE;3.507;kg
1/24/2026;NOZES RICOTA E MEL;3.182;kg
1/24/2026;ALL NATURAL MANGO;2.616;kg
1/25/2026;ALL NATURAL CHOCOLATE SORBETTO;5.514;kg
1/25/2026;CAFFE ILLY;3.101;kg
1/25/2026;ALL NATURAL FRAMBOESA;3.040;kg
1/25/2026;RICOTTA E FICHI;3.007;kg
1/25/2026;NOZES RICOTA E MEL;2.610;kg
1/25/2026;COCCO LATTE LIOFILIZZATO NEW;2.583;kg
1/25/2026;ALL NATURAL ACAI SORBETTO;2.263;kg
1/25/2026;YOGURT;1.500;kg
1/25/2026;PANNA MONTATA;0.320;kg
1/27/2026;ALL NATURAL MANDARINO;4.531;kg
1/28/2026;Base Chocolate Nivà;9.950;kg
1/28/2026;GANACHE FONDENTE;7.625;kg
1/28/2026;CREMINO;4.093;kg
1/28/2026;ALL NATURAL MANGO;3.808;kg
1/28/2026;RICOTTA E FICHI;3.659;kg
1/28/2026;GANACHE BUNET;3.582;kg
1/28/2026;CHEESECAKE 2024;3.286;kg
1/28/2026;YOGURT;3.035;kg
1/28/2026;VANIGLIA AGRIMONTANA;2.981;kg
1/28/2026;ALL NATURAL FRAMBOESA;2.548;kg
1/29/2026;ALL NATURAL CHOCOLATE SORBETTO;10.043;kg
1/29/2026;PISTACCHIO;8.537;kg
1/29/2026;CARAMELLO SALATO NEW;7.421;kg
1/29/2026;PISTACCHIO VEGAN;3.301;kg
1/29/2026;ARACHIDE TORINO;2.608;kg
1/29/2026;PANNA MONTATA;0.320;kg
1/30/2026;ALL NATURAL PASSION FRUIT;7.761;kg
1/30/2026;ALL NATURAL ACAI SORBETTO;2.535;kg
1/30/2026;GANACHE FONDENTE;2.492;kg
1/30/2026;ALL NATURAL MANGO;2.069;kg
1/30/2026;COCCO LATTE LIOFILIZZATO NEW;2.046;kg
1/30/2026;CARAMELLO DULCE DE LECHE FRANCISCO;2.039;kg
1/31/2026;STRACCIATELLA;8.446;kg
1/31/2026;CARAMELLO DULCE DE LECHE FRANCISCO;6.207;kg
1/31/2026;GANACHE FONDENTE;5.045;kg
1/31/2026;Base Chocolate Nivà;5.018;kg
1/31/2026;PISTACCHIO;4.545;kg
1/31/2026;ALL NATURAL FRAMBOESA;3.696;kg
1/31/2026;CREMINO;3.551;kg
1/31/2026;COCCO LATTE LIOFILIZZATO NEW;3.528;kg
1/31/2026;PISTACCHIO VEGAN;3.331;kg
1/31/2026;YOGURT;2.529;kg
1/31/2026;VANIGLIA AGRIMONTANA;2.501;kg
1/31/2026;ARACHIDE TORINO;2.389;kg
1/31/2026;CAFFE ILLY;2.046;kg
1/31/2026;GANACHE BUNET;2.046;kg
1/31/2026;CARAMELLO SALATO NEW;1.540;kg
02/01/2026;ALL NATURAL FRAMBOESA;5.016;kg
02/01/2026;Base Chocolate Nivà;3.482;kg
02/01/2026;VANIGLIA AGRIMONTANA;3.107;kg
02/01/2026;CAFFE ILLY;3.079;kg
02/01/2026;CREMINO;3.035;kg
02/01/2026;GANACHE FONDENTE;3.018;kg
02/01/2026;ALL NATURAL ACAI SORBETTO;2.548;kg
02/01/2026;RICOTTA E FICHI;2.536;kg
02/01/2026;NOZES RICOTA E MEL;2.533;kg
02/01/2026;ALL NATURAL MANGO;2.060;kg
02/01/2026;ALL NATURAL PASSION FRUIT;1.946;kg
02/03/2026;PISTACCHIO;6.519;kg
02/03/2026;YOGURT;3.095;kg
02/03/2026;PANNA MONTATA;0.533;kg
02/04/2026;GANACHE FONDENTE;3.154;kg
02/04/2026;STRACCIATELLA;2.517;kg
02/04/2026;RICOTTA E FICHI;2.512;kg
02/04/2026;CHEESECAKE 2024;2.457;kg
02/05/2026;Base Chocolate Nivà;5.557;kg
02/05/2026;CARAMELLO SALATO NEW;2.565;kg
02/05/2026;GANACHE FONDENTE;2.533;kg
02/05/2026;CREMINO;2.510;kg
02/05/2026;PANNA MONTATA;0.575;kg
